tick,x,x_dot,theta,theta_dot,force,force_safe,safety_fault
1,0,0,0.05,0,6,6,
2,0.0002908427139917134,0.0581690710008747,0.049600965573639466,-0.079817728326567,4.472390287021137,4.472390287021137,
3,0.002261443007761082,0.1330678705156793,0.04693888420355058,-0.1777997835806741,2.3450676168517073,3.277055722495974,
4,0.003704843006765892,0.15561448686157422,0.04502602165665149,-0.2048235750338695,2.3450676168517073,2.3450676168517073,
5,0.003704843006765892,0.15561448686157422,0.04502602165665149,-0.2048235750338695,1.6215849148507027,1.6215849148507027,
6,0.007100024542619701,0.18118975211469704,0.04063378094316344,-0.2305500811927933,1.0629753132803854,1.0629753132803854,
7,0.008941448888301869,0.18709788924325785,0.03831331654485005,-0.23360390329767017,0.3086571468034197,0.3086571468034197,
8,0.008941448888301869,0.18709788924325785,0.03831331654485005,-0.23360390329767017,0.3086571468034197,0.3086571468034197,
9,0.0127264174233282,0.19021380743850644,0.03368482089982132,-0.22769606350911378,-0.11858872990337588,0.0634217215953724,
10,0.014621595446301901,0.18882445168597556,0.031442495104469934,-0.22082796515760236,-0.11858872990337588,-0.11858872990337588,
11,0.014621595446301901,0.18882445168597556,0.031442495104469934,-0.22082796515760236,-0.25118939179740196,-0.25118939179740196,
12,0.01649649080201685,0.18615718155164185,0.029276800688156374,-0.2123677579170903,-0.3453282218577405,-0.3453282218577405,
13,0.01834019742619287,0.18258659902460703,0.027200911158717617,-0.20286462376902697,-0.4096697408590186,-0.4096697408590186,
14,0.0201451323131814,0.17840271887912593,0.025223150179717678,-0.1927394725305974,-0.45106085897439324,-0.45106085897439324,
15,0.02190627842685813,0.17382872412983566,0.023348138146299692,-0.18231214211256647,-0.4749025380088368,-0.4749025380088368,
16,0.02362058701015671,0.1690350905568963,0.02157769468574835,-0.1718230195267546,-0.48544626012134084,-0.48544626012134084,
17,0.026903613118111704,0.15927233330020624,0.018347885571590984,-0.1513231724433669,-0.47926890055789595,-0.48603044379193994,
18,0.028472319081881706,0.15447059865853574,0.016883794482365135,-0.14153349252857877,-0.47926890055789595,-0.47926890055789595,
19,0.028472319081881706,0.15447059865853574,0.016883794482365135,-0.14153349252857877,-0.46720099628880607,-0.46720099628880607,
20,0.029993647396225235,0.14979669072470014,0.015515589443456745,-0.13214345013043607,-0.4514112405482864,-0.4514112405482864,
21,0.0329002939011045,0.1409630287787879,0.013049749032327803,-0.11470389210440013,-0.4331244768695339,-0.4331244768695339,
22,0.03428931037497099,0.1368415842218439,0.011942943603736378,-0.10668627498346864,-0.39259978840234855,-0.41328160674998593,
23,0.03428931037497099,0.1368415842218439,0.011942943603736378,-0.10668627498346864,-0.39259978840234855,-0.39259978840234855,
24,0.035638159869055205,0.1329295407558218,0.010913949566364552,-0.09913957237191022,-0.3716202580937594,-0.3716202580937594,
25,0.0382237854058661,0.12573922998502543,0.009070812991763284,-0.08542365442958587,-0.3302732842042065,-0.3302732842042065,
26,0.03946475187230361,0.12245504529409613,0.008247675757866975,-0.07922542838522262,-0.3302732842042065,-0.3302732842042065,
27,0.04067387403078535,0.11937029720186068,0.007484434632864142,-0.073442859615148,-0.29131056792475635,-0.29131056792475635,
28,0.04185310715698133,0.11647717241073566,0.006777034647630416,-0.06805573362144075,-0.29131056792475635,-0.29131056792475635,
29,0.04185310715698133,0.11647717241073566,0.006777034647630416,-0.06805573362144075,-0.2730630627347124,-0.2730630627347124,
30,0.04412930682954481,0.11123037121987835,0.0055145735826848405,-0.058383564769453784,-0.2393324161975934,-0.2557275994915271,
31,0.04412930682954481,0.11123037121987835,0.0055145735826848405,-0.058383564769453784,-0.2393324161975934,-0.2393324161975934,
32,0.0452297449893836,0.10885793209046689,0.004952448842520481,-0.05405616233617072,-0.2238837764506393,-0.2238837764506393,
33,0.046307231979726644,0.1066400875886915,0.004432035609322789,-0.05004016714457715,-0.20937166261569867,-0.20937166261569867,
34,0.047363266607572736,0.10456741343407468,0.003950320411305165,-0.04631553817602205,-0.1957742206880991,-0.1957742206880991,
35,0.04941651138572011,0.1008211292013852,0.003091904440316458,-0.039664200801745396,-0.17119671340844245,-0.18306121696279232,
36,0.050416265430264826,0.09913013589232124,0.002710125450323087,-0.036701635874363835,-0.16014112623359897,-0.16014112623359897,
37,0.050416265430264826,0.09913013589232124,0.002710125450323087,-0.036701635874363835,-0.16014112623359897,-0.16014112623359897,
38,0.05236776812246274,0.09607194493686788,0.0020300178924592734,-0.03142014972748892,-0.14028918945846702,-0.14028918945846702,
39,0.05236776812246274,0.09607194493686788,0.0020300178924592734,-0.03142014972748892,-0.14028918945846702,-0.14028918945846702,
40,0.054262004568808093,0.09339641465501708,0.0014477939222189884,-0.02689783812375921,-0.12316665793006337,-0.12316665793006337,
41,0.054262004568808093,0.09339641465501708,0.0014477939222189884,-0.02689783812375921,-0.12316665793006337,-0.12316665793006337,
42,0.05610609023417022,0.09105061849803284,0.0009493500683621653,-0.02302866213514302,-0.10844390726916464,-0.11552512845987215,
43,0.05610609023417022,0.09105061849803284,0.0009493500683621653,-0.02302866213514302,-0.10844390726916464,-0.10844390726916464,
44,0.057011275136488765,0.08998662689740179,0.0007276877836968876,-0.021309623639644414,-0.10188540981796942,-0.10188540981796942,
45,0.05879133902378732,0.08805032274023297,0.0003327355763893102,-0.018250784335918813,-0.09019543304740579,-0.09581387411077491,
46,0.05966743268460334,0.08716861942073399,0.00015704276949118085,-0.01689239711441938,-0.09019543304740579,-0.09019543304740579,
47,0.060534968978612706,0.08633883376054405,-0.000005581534282731311,-0.015636740066849286,-0.08499813842337459,-0.08499813842337459,
48,0.060534968978612706,0.08633883376054405,-0.000005581534282731311,-0.015636740066849286,-0.08019194895121268,-0.08019194895121268,
49,0.06139444754766289,0.08555705999162858,-0.0001561259763180578,-0.014476107117133014,-0.07574869196990719,-0.07574869196990719,
50,0.062246330384721556,0.084819674017472,-0.0002955049584933017,-0.013403354488447884,-0.0716420063684883,-0.0716420063684883,
51,0.06309104455963224,0.08412331522764308,-0.0004245640765394489,-0.01241186291934291,-0.0678472725566737,-0.0678472725566737,
52,0.06392898476662115,0.08346486903299878,-0.0005440851848665012,-0.011495501731352224,-0.06434153397840586,-0.06434153397840586,
53,0.06558597427443082,0.08225038704120234,-0.000757350043857311,-0.009865888557434536,-0.058113028054732535,-0.0611034136099565,
54,0.0664056716739489,0.08168920645149239,-0.000852379600341323,-0.009142521686581206,-0.058113028054732535,-0.058113028054732535,
55,0.0672198952790727,0.08115561984491929,-0.0009404506139991768,-0.008473997007250206,-0.05280287885599405,-0.05280287885599405,
56,0.0672198952790727,0.08115561984491929,-0.0009404506139991768,-0.008473997007250206,-0.05280287885599405,-0.05280287885599405,
57,0.06883296212882822,0.08016291831629481,-0.0010977872060103223,-0.007285148895456557,-0.0504500455217452,-0.0504500455217452,
58,0.06883296212882822,0.08016291831629481,-0.0010977872060103223,-0.007285148895456557,-0.048278643868952004,-0.048278643868952004,
59,0.06963227647065066,0.0797000339630269,-0.0011679908305100757,-0.006757422116798411,-0.04627499760047285,-0.04627499760047285,
60,0.07042706216299863,0.07925718235326043,-0.0012331178099216483,-0.006269686379562392,-0.04442643791232612,-0.04442643791232612,
61,0.07121751179077705,0.07883281544075468,-0.0012935528056066995,-0.005818901988445449,-0.04272123376942649,-0.04272123376942649,
62,0.07200380304410921,0.07842550228046762,-0.001349651235917752,-0.0054022592679577024,-0.04114852606423988,-0.04114852606423988,
63,0.07356455339478228,0.07765684731271483,-0.0014501269766115867,-0.004661208301434497,-0.03836115520186839,-0.03836115520186839,
64,0.07356455339478228,0.07765684731271483,-0.0014501269766115867,-0.004661208301434497,-0.03836115520186839,-0.03836115520186839,
65,0.07511047763186766,0.07694179618970244,-0.0015368836000430933,-0.004028033441122151,-0.03712859474705002,-0.03712859474705002,
66,0.07511047763186766,0.07694179618970244,-0.0015368836000430933,-0.004028033441122151,-0.03599263081634166,-0.03599263081634166,
67,0.075878195431633,0.07660181022408598,-0.0015757529978781225,-0.0037468682554304055,-0.03494590897417785,-0.03494590897417785,
68,0.07740368940505211,0.07595245777269671,-0.0016455806336996318,-0.003246621786398902,-0.03309350682148832,-0.03309350682148832,
69,0.07740368940505211,0.07595245777269671,-0.0016455806336996318,-0.003246621786398902,-0.03309350682148832,-0.03309350682148832,
70,0.0781616590469196,0.075641508074853,-0.001676931768780763,-0.0030244296548128553,-0.03227573015332308,-0.03227573015332308,
71,0.07891656018135869,0.07533875373152807,-0.0017061449759445113,-0.0028189799827572737,-0.03152292912407201,-0.03152292912407201,
72,0.0796684715176803,0.07504354608834864,-0.0017333812822839453,-0.002628997504253481,-0.030830140264765465,-0.030830140264765465,
73,0.08041746552639614,0.07475528602518054,-0.001758789449140491,-0.002453304012403578,-0.030192776568173263,-0.030192776568173263,
74,0.08190696307220151,0.0741974375680823,-0.0018046606118259263,-0.0021405127948722355,-0.02906769110818977,-0.02960659916918318,
75,0.08190696307220151,0.0741974375680823,-0.0018046606118259263,-0.0021405127948722355,-0.02906769110818977,-0.02906769110818977,
76,0.0826475844671935,0.07392686618162801,-0.0018253678549805903,-0.00200148036333905,-0.02857243303400228,-0.02857243303400228,
77,0.08338552503337852,0.07366127020723413,-0.001844736987028122,-0.0018728553857548134,-0.028117480710624115,-0.028117480710624115,
78,0.08412083251198649,0.07340024718641194,-0.001862868104667607,-0.0017538449262412723,-0.027699744200127885,-0.027699744200127885,
79,0.08485355077388707,0.0731434254964821,-0.0018798536782423352,-0.0016437164489697589,-0.027316368601624147,-0.027316368601624147,
80,0.08558372011621616,0.07289046200495247,-0.0018957791326826312,-0.001541793221905072,-0.02696471623389607,-0.02696471623389607,
81,0.08631137753643567,0.07264103990172915,-0.0019107233842362262,-0.0014474500694071377,-0.026642350156595912,-0.026642350156595912,
82,0.08703655698553786,0.07239486669579699,-0.0019247593363428297,-0.001360109447394989,-0.026347018931907523,-0.026347018931907523,
83,0.08847960392779357,0.07191120764034997,-0.0019503706057838882,-0.0012043422922236487,-0.026076642535264705,-0.026076642535264705,
84,0.08847960392779357,0.07191120764034997,-0.0019503706057838882,-0.0012043422922236487,-0.02582929933004602,-0.02582929933004602,
85,0.08919752610827826,0.07167324243554618,-0.0019620656172932606,-0.0011349675465662638,-0.025603214027145937,-0.025603214027145937,
86,0.0899130800764363,0.07143756437636914,-0.0019730924699407743,-0.0010706929496114579,-0.025396746555947536,-0.025396746555947536,
87,0.09062628772339848,0.07120397745635766,-0.0019835002158842736,-0.0010111299254251358,-0.025208381778501737,-0.025208381778501737,
88,0.09133716905585332,0.07097230078904934,-0.001993334170075413,-0.0009559195104279622,-0.025036719983656863,-0.025036719983656863,
89,0.09204574234148595,0.07074236745610106,-0.002002636195065856,-0.0009047300974143129,-0.02488046810250097,-0.02488046810250097,
90,0.09345602994392248,0.07028712665624119,-0.0020197962042531187,-0.0008132122837016817,-0.02473843159078465,-0.02473843159078465,
91,0.09345602994392248,0.07028712665624119,-0.0020197962042531187,-0.0008132122837016817,-0.024609506928002983,-0.024609506928002983,
92,0.0948572667479976,0.06983716060880399,-0.0020352556049045975,-0.0007343954252425404,-0.024492674686545896,-0.024492674686545896,
93,0.09555452180285799,0.06961385892969352,-0.0020424224249619535,-0.00069915704760443,-0.024291592285277996,-0.024291592285277996,
94,0.09624954874744668,0.06939153814825412,-0.0020492494038462984,-0.0006664182540163439,-0.02420566849792774,-0.024291592285277996,
95,0.09624954874744668,0.06939153814825412,-0.0020492494038462984,-0.0006664182540163439,-0.02420566849792774,-0.02420566849792774,
96,0.09763295473393663,0.06894946745257505,-0.002061978170234167,-0.0006076924131301353,-0.024059339051616002,-0.0241284793593724,
97,0.09763295473393663,0.06894946745257505,-0.002061978170234167,-0.0006076924131301353,-0.024059339051616002,-0.024059339051616002,
98,0.0990075488755506,0.06851027561220417,-0.0020736130850967645,-0.0005568624474245193,-0.02394271906014317,-0.023997614033957254,
99,0.0990075488755506,0.06851027561220417,-0.0020736130850967645,-0.0005568624474245193,-0.02394271906014317,-0.02394271906014317,
100,0.09969155810675948,0.06829157714841938,-0.0020790668803253383,-0.0005340400131683942,-0.023894113498810238,-0.023894113498810238,
101,0.10105302814177093,0.06785565973256162,-0.002089328143169497,-0.0004929390726024493,-0.023851297934151444,-0.023851297934151444,
102,0.10105302814177093,0.06785565973256162,-0.002089328143169497,-0.0004929390726024493,-0.023813811025494486,-0.023813811025494486,
103,0.10240579643179504,0.06742135090718569,-0.002098821681804406,-0.00045715237162803976,-0.02378122660609261,-0.02378122660609261,
104,0.10307892655527932,0.06720467915673252,-0.002103311873439093,-0.0004410040308362504,-0.023753151002923106,-0.023753151002923106,
105,0.10374989128768894,0.06698827250550805,-0.0021076458326899803,-0.0004259017865132626,-0.023709099354357888,-0.023709099354357888,
106,0.10441869308872094,0.06677209270649434,-0.002111833621262146,-0.00041176605132444474,-0.023692477076236784,-0.023709099354357888,
107,0.10441869308872094,0.06677209270649434,-0.002111833621262146,-0.00041176605132444474,-0.023692477076236784,-0.023692477076236784,
108,0.1050853340510906,0.06655610460943459,-0.002115884535423984,-0.00039852330513953427,-0.023679067083708982,-0.023679067083708982,
109,0.1064121401722423,0.06612457700501442,-0.0021236094440735477,-0.00037445029607658146,-0.023668604595971754,-0.023668604595971754,
110,0.1064121401722423,0.06612457700501442,-0.0021236094440735477,-0.00037445029607658146,-0.023660845028086186,-0.023660845028086186,
111,0.10707230793843954,0.0659089806441488,-0.002127298707188128,-0.0003634993408075767,-0.023655562451989798,-0.023655562451989798,
112,0.10838617740771207,0.06547799787528141,-0.002134364769696964,-0.0003435005110007222,-0.023651609425375197,-0.023652548174786014,
113,0.10903988021510275,0.06526256765348401,-0.002137753614172421,-0.00033435749812758857,-0.023652568141171504,-0.023652568141171504,
114,0.10903988021510275,0.06526256765348401,-0.002137753614172421,-0.00033435749812758857,-0.023652568141171504,-0.023652568141171504,
115,0.10969142879393419,0.06504715205723165,-0.002141053607732126,-0.0003257279913912178,-0.02365525984728198,-0.02365525984728198,
116,0.11098806333261445,0.06461629615198781,-0.002147406425179031,-0.0003098565375459927,-0.023665246135813528,-0.02365953262110118,
117,0.11098806333261445,0.06461629615198781,-0.002147406425179031,-0.0003098565375459927,-0.023665246135813528,-0.023665246135813528,
118,0.11227607956672503,0.06418530745762596,-0.002153458408377183,-0.00029560861510194127,-0.02368048682532381,-0.02368048682532381,
119,0.11227607956672503,0.06418530745762596,-0.002153458408377183,-0.00029560861510194127,-0.02368048682532381,-0.02368048682532381,
120,0.11291685474021655,0.06396973073419075,-0.0021563811574212936,-0.00028901805113107587,-0.023689783704578665,-0.023689783704578665,
121,0.11355547379698089,0.0637540840353329,-0.0021592396088655564,-0.0002827474043389104,-0.02370005928299826,-0.02370005928299826,
122,0.11419193598725459,0.0635383573628893,-0.002162036840378089,-0.00027677245492357575,-0.023711219230809016,-0.023711219230809016,
123,0.11545838630196842,0.06310662874023718,-0.002167458807393983,-0.00026562186490771756,-0.02372317642556357,-0.02372317642556357,
124,0.11545838630196842,0.06310662874023718,-0.002167458807393983,-0.00026562186490771756,-0.023735850402989533,-0.023735850402989533,
125,0.11608837248604818,0.06289061121906392,-0.0021700886032941145,-0.00026040646892862355,-0.02374916684969014,-0.02374916684969014,
126,0.11734186151860701,0.06245823648964863,-0.002175197070055991,-0.0002506071983396512,-0.02377745787560767,-0.02376305713450866,
127,0.11796536202621763,0.062241867999966734,-0.002177679739577414,-0.0002459919908702759,-0.023792310540544107,-0.02377745787560767,
128,0.11858669821287786,0.062025372245431844,-0.0021801171165120605,-0.00024154748995583127,-0.023792310540544107,-0.023792310540544107,
129,0.11858669821287786,0.062025372245431844,-0.0021801171165120605,-0.00024154748995583127,-0.023807561076822345,-0.023807561076822345,
130,0.11920586878492692,0.06180874502555894,-0.0021825108435273586,-0.0002372608591683573,-0.02382315957060535,-0.02382315957060535,
131,0.1198228724091914,0.06159198263815778,-0.002184862439841285,-0.00023312024179943184,-0.02383905993143587,-0.02383905993143587,
132,0.12043770771777738,0.061375081841180644,-0.0021871733106449552,-0.00022911468618651507,-0.023855219600986258,-0.023855219600986258,
133,0.12105037331249559,0.061158039817476514,-0.002189444755807024,-0.00022523407673055823,-0.023871599284005424,-0.023871599284005424,
134,0.12226918964029818,0.060723522752881495,-0.0021938740897015146,-0.00021781103671827435,-0.023888162699771412,-0.023888162699771412,
135,0.12287533746076004,0.06050604392133626,-0.0021960341209098155,-0.00021425200567119115,-0.023921709319169135,-0.023921709319169135,
136,0.12287533746076004,0.06050604392133626,-0.0021960341209098155,-0.00021425200567119115,-0.023921709319169135,-0.023921709319169135,
137,0.12408110501015338,0.06007063853952679,-0.002200249683151746,-0.0002074020658447212,-0.023955621205897046,-0.023938633053717365,
138,0.12468072174047604,0.05985270998397586,-0.002202306913382892,-0.0002040980778305854,-0.023955621205897046,-0.023955621205897046,
139,0.12468072174047604,0.05985270998397586,-0.002202306913382892,-0.0002040980778305854,-0.023972649454131023,-0.023972649454131023,
140,0.12527815842796383,0.05963462993350138,-0.002204331471836935,-0.00020086685127823262,-0.023989695351030266,-0.023989695351030266,
141,0.12646648560353863,0.05919801393905334,-0.002208285324864077,-0.00019460166624304126,-0.024006738180697235,-0.024006738180697235,
142,0.12646648560353863,0.05919801393905334,-0.002208285324864077,-0.00019460166624304126,-0.024023758826904745,-0.024023758826904745,
143,0.12705737305065673,0.05897947779211385,-0.0022102158703264986,-0.00019155819235127964,-0.024040739651320975,-0.024040739651320975,
144,0.1276460743768279,0.058760789713610935,-0.0022121162533687037,-0.00018856838904103914,-0.02405766438101546,-0.02405766438101546,
145,0.1288169125997905,0.05832295924336559,-0.0022158285633566174,-0.00018273450798227085,-0.024091286675917853,-0.024091286675917853,
146,0.1288169125997905,0.05832295924336559,-0.0022158285633566174,-0.00018273450798227085,-0.024091286675917853,-0.024091286675917853,
147,0.1293990464749519,0.05810381795578331,-0.0022176414150908946,-0.00017988351007950837,-0.024107957625979046,-0.024107957625979046,
148,0.1299789881886786,0.057884526922585375,-0.002219425959500687,-0.00017707229870906428,-0.02412451908041438,-0.02412451908041438,
149,0.13113228916853667,0.05744549919453003,-0.002222911633716243,-0.00017155812214222742,-0.02415727093119696,-0.02415727093119696,
150,0.1317056454770895,0.057225764550182294,-0.0022246134512032365,-0.00016885012667985648,-0.02415727093119696,-0.02415727093119696,
151,0.1317056454770895,0.057225764550182294,-0.0022246134512032365,-0.00016885012667985648,-0.024173442100531448,-0.024173442100531448,
152,0.13284576242008617,0.05678585953136152,-0.0022279365889596313,-0.0001635211599453926,-0.024205332391254414,-0.024189465195963863,
153,0.13284576242008617,0.05678585953136152,-0.0022279365889596313,-0.0001635211599453926,-0.024205332391254414,-0.024205332391254414,
154,0.1334125201667518,0.05656569174036507,-0.002229558462665048,-0.0001608962303412633,-0.02422103647914904,-0.02422103647914904,
155,0.13397707552729188,0.05634538227501513,-0.0022311542104186638,-0.00015829528257126863,-0.024236570824342926,-0.024236570824342926,
156,0.13453942709230904,0.05612493260483574,-0.002232724063913283,-0.00015571669762068813,-0.024251929320027205,-0.024251929320027205,
157,0.13565751327377923,0.05568361882913031,-0.002235786938272165,-0.00015062075398533347,-0.02428209674032661,-0.024267106347748535,
158,0.13565751327377923,0.05568361882913031,-0.002235786938272165,-0.00015062075398533347,-0.02428209674032661,-0.02428209674032661,
159,0.13676676774625893,0.05524176330798175,-0.0022387486489395566,-0.00014559777471211195,-0.024296895747597108,-0.024296895747597108,
160,0.13731807973734778,0.05502063663500288,-0.002240192001861013,-0.00014311076436045926,-0.024311499004766618,-0.024311499004766618,
161,0.13786717981055016,0.05479937970105625,-0.0022416105627306652,-0.00014063871241414285,-0.02434010256330002,-0.02434010256330002,
162,0.13786717981055016,0.05479937970105625,-0.0022416105627306652,-0.00014063871241414285,-0.02434010256330002,-0.02434010256330002,
163,0.13895873904724848,0.05435648231424199,-0.0022443738792610936,-0.00013573586564096632,-0.024354095809786078,-0.024354095809786078,
164,0.13895873904724848,0.05435648231424199,-0.0022443738792610936,-0.00013573586564096632,-0.024367879148418065,-0.024367879148418065,
165,0.13950119567865832,0.05413484557540525,-0.0022457188989203174,-0.0001333034351924997,-0.024381449744819234,-0.024381449744819234,
166,0.1405794567784261,0.0536912055101,-0.002248336263460679,-0.00012847293697237087,-0.024407942556102805,-0.024394805004783054,
167,0.1405794567784261,0.0536912055101,-0.002248336263460679,-0.00012847293697237087,-0.024407942556102805,-0.024407942556102805,
168,0.14164884029966693,0.053247089627384614,-0.0022508574528399892,-0.00012368406340904764,-0.024433556054543476,-0.024433556054543476,
169,0.14164884029966693,0.053247089627384614,-0.0022508574528399892,-0.00012368406340904764,-0.024433556054543476,-0.024433556054543476,
170,0.14218020003147916,0.05302485819901694,-0.0022520822313441945,-0.0001213038445339689,-0.02444602822246965,-0.02444602822246965,
171,0.1432362497382601,0.05258005842332121,-0.0022544606094965615,-0.00011656943150060833,-0.024470295184696983,-0.024470295184696983,
172,0.14376093749421662,0.05235749414706119,-0.00225561437688033,-0.00011421438503177316,-0.024470295184696983,-0.024470295184696983,
173,0.14376093749421662,0.05235749414706119,-0.00225561437688033,-0.00011421438503177316,-0.024482087137936093,-0.024482087137936093,
174,0.1442833990732791,0.052134823016417045,-0.002256744634861443,-0.00011186693276145959,-0.02449364973248913,-0.02449364973248913,
175,0.14480363341724997,0.05191204710072223,-0.0022578514576401215,-0.00010952672828780823,-0.024504981863876354,-0.024504981863876354,
176,0.14532163948868143,0.05168916848060558,-0.0022589349160910166,-0.00010719345281159837,-0.02451608253726137,-0.02451608253726137,
177,0.14635096276851847,0.05124311149962567,-0.00226103200845266,-0.00010254653918077397,-0.024526950859225294,-0.024526950859225294,
178,0.1468622780066933,0.051019937347068035,-0.0022620457697741145,-0.00010023238326036631,-0.02453758603016487,-0.02453758603016487,
179,0.1468622780066933,0.051019937347068035,-0.0022620457697741145,-0.00010023238326036631,-0.024547987337271662,-0.024547987337271662,
180,0.1473713610320326,0.0507966689049006,-0.0022630364220247953,-0.00009792411734513282,-0.024558154148044298,-0.024558154148044298,
181,0.14787821091225128,0.050573308295391396,-0.0022640040230502965,-0.00009562153206468872,-0.024568085904295253,-0.024568085904295253,
182,0.14888520761450127,0.05012631909200107,-0.0022658702929340357,-0.00009103265028366834,-0.02457778211661467,-0.02457778211661467,
183,0.149385352678436,0.049902694769233966,-0.002266769068091047,-0.00008874601556900914,-0.02459646626540188,-0.02459646626540188,
184,0.149385352678436,0.049902694769233966,-0.002266769068091047,-0.00008874601556900914,-0.02459646626540188,-0.02459646626540188,
185,0.15037893199709915,0.0494551973898749,-0.0022684981527333133,-0.0000841876159319955,-0.024605453522815457,-0.024605453522815457,
186,0.15037893199709915,0.0494551973898749,-0.0022684981527333133,-0.0000841876159319955,-0.024614203869788576,-0.024614203869788576,
187,0.15136355817392708,0.04900738268064466,-0.0022701362723075336,-0.0000796481937251455,-0.024630993016190525,-0.02462271709142401,
188,0.15185251189116197,0.04878336170471039,-0.002270921336658303,-0.00007738532071637503,-0.024639031512741147,-0.024639031512741147,
189,0.15185251189116197,0.04878336170471039,-0.002270921336658303,-0.00007738532071637503,-0.024639031512741147,-0.024639031512741147,
190,0.15233922503439307,0.04855926785286494,-0.00227168379739725,-0.00007512687697134836,-0.02464683248697401,-0.02464683248697401,
191,0.1528236968856378,0.04833510328047171,-0.0022724236983789024,-0.00007287277602148801,-0.024654395879316796,-0.024654395879316796,
192,0.1533059267484717,0.04811087014378676,-0.0022731410826318313,-0.00007062293912213802,-0.024661721662217306,-0.024661721662217306,
193,0.15378591394803579,0.04788657059964075,-0.002273835992432915,-0.00006837729465961485,-0.024668809837824837,-0.024668809837824837,
194,0.1542636578310407,0.04766220680514404,-0.0022745084693759007,-0.00006613577760344958,-0.024675660435848276,-0.024675660435848276,
195,0.15521241314207035,0.04721329509331695,-0.0022757862880218066,-0.0000616648955068461,-0.02468864914404946,-0.024682273511576563,
196,0.15568342337136487,0.04698875148924113,-0.0022763917100422477,-0.00005943542895726611,-0.0246947874343679,-0.0246947874343679,
197,0.15568342337136487,0.04698875148924113,-0.0022763917100422477,-0.00005943542895726611,-0.0246947874343679,-0.0246947874343679,
198,0.15661870614239723,0.04653949956298095,-0.0022775357767606456,-0.00005498822755393784,-0.024700688504131832,-0.024700688504131832,
199,0.1570829776147388,0.04631479554926059,-0.0022780744991603603,-0.00005277041881794812,-0.02470635249399708,-0.02470635249399708,
200,0.1575450018012585,0.046090042372124475,-0.002278591065478442,-0.00005055642860648779,-0.024716969884035392,-0.024716969884035392,
201,0.1575450018012585,0.046090042372124475,-0.002278591065478442,-0.00005055642860648779,-0.024716969884035392,-0.024716969884035392,
202,0.15800477822107686,0.04586524218255646,-0.002279085513756707,-0.00004834622923403006,-0.024721923649295707,-0.024721923649295707,
203,0.15846230641481635,0.04564039712995642,-0.002279557881776133,-0.000046139796211683926,-0.02472664106264047,-0.02472664106264047,
204,0.15937061639395744,0.04519058102450218,-0.0022804365270401436,-0.00004173814577624666,-0.02473112234191245,-0.02473112234191245,
205,0.15937061639395744,0.04519058102450218,-0.0022804365270401436,-0.00004173814577624666,-0.024735367717380344,-0.024735367717380344,
206,0.15982139736795795,0.04496561426130442,-0.0022808428788072582,-0.00003954289323018957,-0.024739377430907997,-0.024739377430907997,
207,0.1607162094170548,0.04451557402258552,-0.0022815898257434403,-0.000035163463301685396,-0.024743151735185792,-0.024743151735185792,
208,0.161160239809251,0.04429050482385381,-0.002281930494588834,-0.00003297926414891403,-0.024749995176679696,-0.024749995176679696,
209,0.161160239809251,0.04429050482385381,-0.002281930494588834,-0.00003297926414891403,-0.024749995176679696,-0.024749995176679696,
210,0.16160201936022875,0.04406540575280752,-0.0022822493426407973,-0.00003079873081154635,-0.024753064867282806,-0.024753064867282806,
211,0.1620415477819265,0.04384027894181883,-0.0022825464065205562,-0.000028621856866964443,-0.024755900254241875,-0.024755900254241875,
212,0.16247882480759368,0.04361512652069879,-0.0022828217227928048,-0.00002644863742982731,-0.024758501634741872,-0.024758501634741872,
213,0.16291385019176463,0.043389950616621126,-0.002283075327980467,-0.000024279069030581513,-0.02476086931326077,-0.02476086931326077,
214,0.1637771451600187,0.042939536854677204,-0.002283517551065377,-0.000019950877881664963,-0.024763003601126363,-0.024763003601126363,
215,0.1637771451600187,0.042939536854677204,-0.002283517551065377,-0.000019950877881664963,-0.024764904816105382,-0.024764904816105382,
216,0.16463143114762918,0.04248905461802491,-0.002283873367613578,-0.00001563727992340956,-0.02476800932841855,-0.024766573282024487,
217,0.16505519538539765,0.042263793109698855,-0.0022840189646537172,-0.000013485956827792281,-0.02476800932841855,-0.02476800932841855,
218,0.16547670695431627,0.04203852082236669,-0.0022841430695598615,-0.000011338287962841303,-0.024770185507390588,-0.024769213290206538,
219,0.16589596575712945,0.041813239862967276,-0.002284245718888183,-0.000009194277062993843,-0.024770185507390588,-0.024770185507390588,
220,0.16589596575712945,0.041813239862967276,-0.002284245718888183,-0.000009194277062993843,-0.024770926324777856,-0.024770926324777856,
221,0.16672772478065534,0.04136266034016959,-0.002284386797247791,-0.000004917247657617152,-0.024771436091723664,-0.024771436091723664,
222,0.16672772478065534,0.04136266034016959,-0.002284386797247791,-0.000004917247657617152,-0.02477171516189279,-0.02477171516189279,
223,0.16755047209844298,0.04091207133400629,-0.002284442493122125,-0.0000006549119300812721,-0.024771763893038937,-0.024771763893038937,
224,0.1679584663476789,0.04068677850830098,-0.002284438414568795,0.00000147072977304616,-0.02477158264680107,-0.02477158264680107,
225,0.1679584663476789,0.04068677850830098,-0.002284438414568795,0.00000147072977304616,-0.024771171788513624,-0.024771171788513624,
226,0.1683642076882995,0.0404614895855636,-0.002284413100858689,0.000003592677829201806,-0.02477053168703197,-0.02477053168703197,
227,0.16916893186232712,0.040010931783142877,-0.0022842989159275458,0.000007825461807221726,-0.024768565246548205,-0.02476966271456961,
228,0.16956791485708395,0.039785667062089,-0.002284210118887329,0.00000993628118798668,-0.02476723966145783,-0.02476723966145783,
229,0.16956791485708395,0.039785667062089,-0.002284210118887329,0.00000993628118798668,-0.02476723966145783,-0.02476723966145783,
230,0.16996464526585708,0.039560414561201955,-0.002284100235059134,0.000012043373905357496,-0.024765686340727913,-0.024765686340727913,
231,0.17075134887636279,0.0391099544993927,-0.002283817356359201,0.000016246342795095742,-0.02476390566860763,-0.02476390566860763,
232,0.17075134887636279,0.0391099544993927,-0.002283817356359201,0.000016246342795095742,-0.024761898032054017,-0.024761898032054017,
233,0.17114132240524055,0.0388847510694746,-0.00228364443638035,0.00001834220004114392,-0.024759663820629357,-0.024759663820629357,
234,0.17152904400235489,0.03865956812168107,-0.002283450579404197,0.000020434292819069062,-0.02475720342640525,-0.02475720342640525,
235,0.1722977322822593,0.0382092718955382,-0.0022830002053200026,0.00002460714476006349,-0.024751605669863314,-0.024751605669863314,
236,0.17267869945686837,0.03798416271975684,-0.0022827437638960973,0.00002668788338422998,-0.024751605669863314,-0.024751605669863314,
237,0.17267869945686837,0.03798416271975684,-0.0022827437638960973,0.00002668788338422998,-0.024748469103465037,-0.024748469103465037,
238,0.17305741568327992,0.03775908223119261,-0.002282466536846421,0.00002876481649737189,-0.024745107945957925,-0.024745107945957925,
239,0.17380809650024656,0.037309015480935064,-0.0022818498783895302,0.00003290722356698989,-0.024741522600744317,-0.024741522600744317,
240,0.17380809650024656,0.037309015480935064,-0.0022818498783895302,0.00003290722356698989,-0.024737713473287168,-0.024737713473287168,
241,0.17418006174614273,0.03708403329267711,-0.0022815105235103844,0.00003497267593481907,-0.02473368097105283,-0.02473368097105283,
242,0.17491724370364556,0.03663418144576901,-0.0022807699545860155,0.00003909202366614708,-0.02472942550345711,-0.02472942550345711,
243,0.17491724370364556,0.03663418144576901,-0.0022807699545860155,0.00003909202366614708,-0.024724947481815363,-0.024724947481815363,
244,0.17564543023985485,0.03618449313603042,-0.0022799471642375524,0.00004319588828584469,-0.024715325430873736,-0.024720247319295244,
245,0.17600615128495314,0.03595971535515962,-0.002279505032994923,0.000045241986541144725,-0.024715325430873736,-0.024715325430873736,
246,0.17600615128495314,0.03595971535515962,-0.002279505032994923,0.000045241986541144725,-0.024710182233295505,-0.024710182233295505,
247,0.17636462478703394,0.035734984508099574,-0.002279042462978739,0.000047284180459004595,-0.0247048181450355,-0.0247048181450355,
248,0.17672085122547812,0.03551030260345969,-0.0022785594932835888,0.00004932245876852012,-0.024699233586262775,-0.024699233586262775,
249,0.1774265649292772,0.035061093636770325,-0.0022775325117991483,0.00005338722334765764,-0.02469342897880683,-0.02469342897880683,
250,0.1774265649292772,0.035061093636770325,-0.0022775325117991483,0.00005338722334765764,-0.024687404746126754,-0.024687404746126754,
251,0.1777760532535757,0.034836570572786066,-0.0022769885787641045,0.00005541368696317731,-0.024681161313281158,-0.024681161313281158,
252,0.17846829564402575,0.034387697249745906,-0.0022758400258440893,0.00005945472013057499,-0.024674699106900566,-0.024674699106900566,
253,0.17881105088871507,0.034163350965529776,-0.0022752354853937443,0.00006146926698561865,-0.024661120087762278,-0.024661120087762278,
254,0.17881105088871507,0.034163350965529776,-0.0022752354853937443,0.00006146926698561865,-0.024661120087762278,-0.024661120087762278,
255,0.17948983257218923,0.03371484905952694,-0.0022739660759497735,0.00006548636452435026,-0.02465400413589859,-0.02465400413589859,
256,0.17948983257218923,0.03371484905952694,-0.0022739660759497735,0.00006548636452435026,-0.024646671132242684,-0.024646671132242684,
257,0.18015964687211708,0.03326661453472491,-0.0022726164956867823,0.00006948739166724206,-0.024639121510922624,-0.024639121510922624,
258,0.18015964687211708,0.03326661453472491,-0.0022726164956867823,0.00006948739166724206,-0.024631355707502148,-0.024631355707502148,
259,0.1804911929613136,0.033042602462207464,-0.0022719117421368703,0.00007148185058667166,-0.0246233741589625,-0.0246233741589625,
260,0.18082049929362246,0.03281866313337868,-0.002271187066874406,0.00007347225804321501,-0.02461517730368462,-0.02461517730368462,
261,0.1814723956560391,0.032371010534167736,-0.0022696781135860787,0.00007744087363090849,-0.024606765581432308,-0.024606765581432308,
262,0.1814723956560391,0.032371010534167736,-0.0022696781135860787,0.00007744087363090849,-0.024598139433336705,-0.024598139433336705,
263,0.1817949872192339,0.03214730116746562,-0.0022688939170277104,0.00007941905936398516,-0.024589299301880377,-0.024589299301880377,
264,0.1821153420916349,0.031923672351787356,-0.0022680899616911885,0.00008139314884248536,-0.024580245630883332,-0.024580245630883332,
265,0.1827493450443284,0.03147666413654981,-0.0022664229388456763,0.0000853289945951655,-0.02456149945214979,-0.02456149945214979,
266,0.1827493450443284,0.03147666413654981,-0.0022664229388456763,0.0000853289945951655,-0.02456149945214979,-0.02456149945214979,
267,0.1830629948132106,0.03125328860838133,-0.0022655599536948144,0.00008729072873936585,-0.024551807838617115,-0.024551807838617115,
268,0.1833744112683971,0.031030001373994472,-0.0022646773744813145,0.0000892483223722783,-0.02454190447392613,-0.02454190447392613,
269,0.18399054782717814,0.030583699484506205,-0.002262853599793856,0.00009315104427537978,-0.024531789808385183,-0.024531789808385183,
270,0.18399054782717814,0.030583699484506205,-0.002262853599793856,0.00009315104427537978,-0.024521464293564582,-0.024521464293564582,
271,0.18429526977356572,0.030360688668124563,-0.002261912487556839,0.00009509615073603975,-0.02451092838228503,-0.02451092838228503,
272,0.18489802575102277,0.02991495685801384,-0.002259972022203729,0.00009897380047871261,-0.024489227187822774,-0.024500182528607528,
273,0.18489802575102277,0.02991495685801384,-0.002259972022203729,0.00009897380047871261,-0.024489227187822774,-0.024489227187822774,
274,0.18549187106507703,0.02946962418444269,-0.0022579541821482097,0.00010283462758200298,-0.024466689872182687,-0.024466689872182687,
275,0.18578545475356753,0.029247112273164788,-0.002256916351935325,0.00010475870591865853,-0.024466689872182687,-0.024466689872182687,
276,0.18607681385043492,0.02902470583685293,-0.002255859304653925,0.00010667854662094225,-0.024443320101911394,-0.0244551088139687,
277,0.18607681385043492,0.02902470583685293,-0.002255859304653925,0.00010667854662094225,-0.024443320101911394,-0.024443320101911394,
278,0.18665286254492433,0.028580216937899767,-0.002253687728685097,0.00011050547294343227,-0.024431324197305426,-0.024431324197305426,
279,0.18665286254492433,0.028580216937899767,-0.002253687728685097,0.00011050547294343227,-0.024419121562619155,-0.024419121562619155,
280,0.1872200258881553,0.028136172543105537,-0.002251439794890845,0.00011431532269198497,-0.02440671266148569,-0.02440671266148569,
281,0.1875002783663645,0.027914321721178068,-0.0022502873007188007,0.00011621381786746385,-0.024394097958695342,-0.024394097958695342,
282,0.18777831292017402,0.027692587640518643,-0.0022491158455891108,0.00011810801282224944,-0.024381277920186184,-0.024381277920186184,
283,0.18805413072631091,0.027470972164035382,-0.002247925472549577,0.00011999789730543861,-0.0243550237054588,-0.0243550237054588,
284,0.18805413072631091,0.027470972164035382,-0.002247925472549577,0.00011999789730543861,-0.0243550237054588,-0.0243550237054588,
285,0.1885991208954709,0.027028104453925318,-0.002245488145442817,0.0001237646941170916,-0.024327953767474667,-0.024341590466787216,
286,0.18886829570481617,0.026806855924779584,-0.0022442412779802375,0.0001256415862085107,-0.024314114079082946,-0.024314114079082946,
287,0.18913525865904762,0.026585733408751883,-0.0022429756658160415,0.00012751412735489883,-0.024300071874275596,-0.024314114079082946,
288,0.18913525865904762,0.026585733408751883,-0.0022429756658160415,0.00012751412735489883,-0.024300071874275596,-0.024300071874275596,
289,0.18966255409791646,0.026143873777789792,-0.002240388381696935,0.00013124611693014868,-0.02428582762681067,-0.02428582762681067,
290,0.1899228891763684,0.02592314033294172,-0.0022390667971474427,0.00013310554555365198,-0.02427138181153323,-0.02427138181153323,
291,0.1901810175872492,0.025702540241364598,-0.00223772664270608,0.000134960583621877,-0.024241887382313684,-0.024241887382313684,
292,0.1904369406732124,0.02548207532727404,-0.00223636796232145,0.00013681122136903186,-0.024226839723432883,-0.024241887382313684,
293,0.19069065979513192,0.02526174741053713,-0.0022349908000395256,0.00013865744908443707,-0.02421159240684815,-0.024226839723432883,
294,0.19069065979513192,0.02526174741053713,-0.0022349908000395256,0.00013865744908443707,-0.02421159240684815,-0.02421159240684815,
295,0.19094217633205857,0.02504155830666277,-0.0022335952000030975,0.00014049925711270562,-0.024196145912733502,-0.024196145912733502,
296,0.1911914916811764,0.024821509826792133,-0.00223218120645122,0.00014233663585390307,-0.024180500722307666,-0.024180500722307666,
297,0.19143860725775905,0.02460160377768915,-0.002230748863718656,0.00014416957576369316,-0.02416465731782752,-0.02416465731782752,
298,0.19168352449512577,0.024381841961731054,-0.002229298216235321,0.0001459980673534748,-0.024148616182581163,-0.024148616182581163,
299,0.19192624484459767,0.024162226176899025,-0.002227829308525725,0.00014782210119050583,-0.024132377800881163,-0.024132377800881163,
300,0.1924051007748862,0.02372343987050167,-0.0022248368909954038,0.00015145675815531065,-0.024099311240452698,-0.024115942658057887,
301,0.1924051007748862,0.02372343987050167,-0.0022248368909954038,0.00015145675815531065,-0.024099311240452698,-0.024099311240452698,
302,0.19287518701755457,0.023285259154072556,-0.002221771969194383,0.00015507347231740278,-0.02408248403541162,-0.02408248403541162,
303,0.19287518701755457,0.023285259154072556,-0.002221771969194383,0.00015507347231740278,-0.024065461531278268,-0.024065461531278268,
304,0.19333651582673533,0.022847698252260056,-0.0022186349026669778,0.0001586721702360903,-0.02404824421738784,-0.02404824421738784,
305,0.19356390010081967,0.022629154657572214,-0.0022170394278880827,0.00016046474040063322,-0.02403083258406006,-0.02403083258406006,
306,0.19378909974034217,0.022410771318495993,-0.002215426052417103,0.0001622527793730754,-0.024013227122593135,-0.024013227122593135,
307,0.19378909974034217,0.022410771318495993,-0.002215426052417103,0.0001622527793730754,-0.02399542832525669,-0.02399542832525669,
308,0.1940121163566487,0.022192549993035927,-0.0022137948216046275,0.00016403627822744643,-0.023977436685285784,-0.023977436685285784,
309,0.19423295157864273,0.021974492434710016,-0.002212145780890209,0.00016581522809439752,-0.023959252696874295,-0.023959252696874295,
310,0.19466808444282577,0.021538875611047798,-0.0022087944519551808,0.0001693594456719923,-0.02394087685516847,-0.02394087685516847,
311,0.19466808444282577,0.021538875611047798,-0.0022087944519551808,0.0001693594456719923,-0.02392230965626046,-0.02392230965626046,
312,0.19509451171356265,0.021103934785592974,-0.00220537243088621,0.00017288536228493175,-0.023884603175897932,-0.023903551597182035,
313,0.19509451171356265,0.021103934785592974,-0.00220537243088621,0.00017288536228493175,-0.023884603175897932,-0.023884603175897932,
314,0.19530446500891438,0.02088672220807243,-0.0022036350253294783,0.00017464143615889685,-0.02386546489130026,-0.02386546489130026,
315,0.1955122470495634,0.020669683824092847,-0.002201880084344645,0.0001763929090203676,-0.023846137243200914,-0.023846137243200914,
316,0.19571785958605423,0.020452821355525695,-0.0022001076539781405,0.00017813977239724014,-0.02382662073232643,-0.02382662073232643,
317,0.19612258323467333,0.02001963102933309,-0.0021965105097074057,0.0001816196370929545,-0.023806915860310994,-0.023806915860310994,
318,0.19612258323467333,0.02001963102933309,-0.0021965105097074057,0.0001816196370929545,-0.023787023129690048,-0.023787023129690048,
319,0.1965186503022253,0.01958716491322539,-0.0021928439625670086,0.00018508096360602858,-0.02376694304389467,-0.02376694304389467,
320,0.1967134421763531,0.01937120769009231,-0.002190984778923629,0.00018680465446780647,-0.023746676107244347,-0.023746676107244347,
321,0.1967134421763531,0.01937120769009231,-0.002190984778923629,0.00018680465446780647,-0.023726222824941676,-0.023726222824941676,
322,0.19690607540910593,0.01915543661766616,-0.0021891083839302144,0.00018852368620612064,-0.02370558370306504,-0.02370558370306504,
323,0.19709655187043973,0.018939853385764607,-0.002187214824212239,0.00019023805074682226,-0.02368475924856331,-0.02368475924856331,
324,0.19728487344718548,0.018724459679594116,-0.002185304146475625,0.00019194774007261906,-0.023663749969248943,-0.023663749969248943,
325,0.19765505957833543,0.018294247562169085,-0.0021814316241689897,0.00019535306129456195,-0.023621178971713903,-0.023642556373791958,
326,0.19783692799036146,0.01807943249820104,-0.002179469873407929,0.0001970486774403364,-0.023599618273381202,-0.023621178971713903,
327,0.19801664923295043,0.017864813654521628,-0.0021774911922450148,0.00019873958687044368,-0.023599618273381202,-0.023599618273381202,
328,0.19819422527661512,0.01765039269316462,-0.002175495627779876,0.00020042578185174828,-0.023555949033605812,-0.023577874789999197,
329,0.19819422527661512,0.01765039269316462,-0.002175495627779876,0.00020042578185174828,-0.023555949033605812,-0.023555949033605812,
330,0.19854294973216138,0.01722215104225802,-0.0021714540377260633,0.00020378399781937758,-0.023533841517065397,-0.023533841517065397,
331,0.19871410216786725,0.017008333653458618,-0.0021694081067195636,0.00020545600362335768,-0.02351155275406261,-0.02351155275406261,
332,0.19871410216786725,0.017008333653458618,-0.0021694081067195636,0.00020545600362335768,-0.023489083259095996,-0.023489083259095996,
333,0.19888311745220394,0.01679472074846713,-0.002167345481574053,0.00020712326461381266,-0.023466433547471917,-0.023466433547471917,
334,0.19904999763820258,0.016581313965955417,-0.0021652662097686706,0.0002087857733414339,-0.023443604135298383,-0.023443604135298383,
335,0.1992147447952576,0.016368114939900855,-0.002163170338856756,0.0002104435224136248,-0.023420595539478894,-0.023420595539478894,
336,0.19937736100907966,0.01615512529957913,-0.00216105791646528,0.0002120965044944807,-0.02339740827770609,-0.02339740827770609,
337,0.19969620903116647,0.015729780669685445,-0.0021567836081162967,0.00021538813862189159,-0.02335049983098042,-0.02335049983098042,
338,0.19985244509201006,0.015517428915092071,-0.0021546218177757974,0.00021702677627989393,-0.023326779685303584,-0.023326779685303584,
339,0.20000655871468387,0.015305293016174643,-0.0021524436671886216,0.00021866061816940642,-0.023326779685303584,-0.023326779685303584,
340,0.20000655871468387,0.015305293016174643,-0.0021524436671886216,0.00021866061816940642,-0.023302882952213333,-0.023302882952213333,
341,0.20030842732789414,0.014881675203266526,-0.002148038477291033,0.0002219138864883468,-0.023278810153255752,-0.023278810153255752,
342,0.20045618669965135,0.014670196486358702,-0.002145811534164042,0.00022353329898180876,-0.023230138447680095,-0.02325456181072985,
343,0.20060183239558524,0.014458940019278931,-0.002143568423156087,0.0002251478878347943,-0.023230138447680095,-0.023230138447680095,
344,0.20074536664612702,0.014247907388671509,-0.002141309192531361,0.0002267576462205405,-0.02320554058789148,-0.02320554058789148,
345,0.20088679169755053,0.014037100176409816,-0.002139033890622033,0.00022836256736871895,-0.0231807687558825,-0.0231807687558825,
346,0.20102610981192437,0.013826519959589702,-0.0021367425658276843,0.00022996264456540577,-0.023155823476899397,-0.023155823476899397,
347,0.20116332326706424,0.013616168310522928,-0.0021344352666147455,0.00023155787115305393,-0.023130705276910177,-0.023130705276910177,
348,0.20116332326706424,0.013616168310522928,-0.0021344352666147455,0.00023155787115305393,-0.023105414682598267,-0.023105414682598267,
349,0.201298434356485,0.013406046796730662,-0.002132112041515932,0.00023314824053046138,-0.023079952221356247,-0.023079952221356247,
350,0.20143144538935273,0.013196156980937035,-0.0021297729391296805,0.00023473374615273632,-0.023054318421280123,-0.023054318421280123,
351,0.2016911766000614,0.012777078670218737,-0.002125047297213845,0.0002378901402336903,-0.023002538920488733,-0.023002538920488733,
352,0.2016911766000614,0.012777078670218737,-0.002125047297213845,0.0002378901402336903,-0.023002538920488733,-0.023002538920488733,
353,0.2018179014740583,0.012567893276699887,-0.0021226608552046794,0.00023946101588385237,-0.022976394279426455,-0.022976394279426455,
354,0.2019425356837177,0.012358945783978816,-0.00212025873094779,0.00024102700216177848,-0.022950080418823918,-0.022950080418823918,
355,0.20218554167219,0.011941770650672158,-0.0021154076314276273,0.00024414428160170453,-0.022896947165746893,-0.022896947165746893,
356,0.20218554167219,0.011941770650672158,-0.0021154076314276273,0.00024414428160170453,-0.022896947165746893,-0.022896947165746893,
357,0.2023039182704431,0.011733546072865197,-0.0021129587541880612,0.00024569556240432996,-0.02287012883830722,-0.02287012883830722,
358,0.20242021384314243,0.01152556552140121,-0.002110494390747064,0.0002472419291158949,-0.022843143421384948,-0.022843143421384948,
359,0.20264657171848605,0.011110342569722991,-0.0021055194019794633,0.00025031989616332523,-0.02278867345633705,-0.02278867345633705,
360,0.2027566389623059,0.0109031031934672,-0.0021030088751619147,0.00025185148458779127,-0.02276118997843368,-0.02276118997843368,
361,0.2028646350628258,0.010696113891459634,-0.002100483059159927,0.0002533781350983229,-0.02276118997843368,-0.02276118997843368,
362,0.2028646350628258,0.010696113891459634,-0.002100483059159927,0.0002533781350983229,-0.02273354155147975,-0.02273354155147975,
363,0.20307442388190414,0.010282891504512455,-0.0020953857572674046,0.00025641659916933305,-0.02267775199777282,-0.022705728712158955,
364,0.20317622166181692,0.010076661404525166,-0.00209281437035338,0.00025792840126515455,-0.02267775199777282,-0.02267775199777282,
365,0.20327595842104074,0.009870687348679569,-0.002090227892206823,0.0002594352425176475,-0.022621309096065922,-0.022621309096065922,
366,0.20327595842104074,0.009870687348679569,-0.002090227892206823,0.0002594352425176475,-0.022621309096065922,-0.022621309096065922,
367,0.2034692591635687,0.009459513285477004,-0.0020850098607912483,0.0002624340201761064,-0.022592843986384583,-0.022592843986384583,
368,0.2034692591635687,0.009459513285477004,-0.0020850098607912483,0.0002624340201761064,-0.022564217156904934,-0.022564217156904934,
369,0.20365434682926697,0.009049381097963351,-0.002079732060724068,0.00026541288806776285,-0.022506480500339217,-0.022535429147928658,
370,0.20365434682926697,0.009049381097963351,-0.002079732060724068,0.00026541288806776285,-0.022506480500339217,-0.022506480500339217,
371,0.20383124237278966,0.008640302490567905,-0.0020743948905812045,0.00026837180300452143,-0.022477371755596137,-0.022477371755596137,
372,0.20391662471090086,0.008436161915506968,-0.002071704166520579,0.00026984376486123655,-0.022448103455728625,-0.022448103455728625,
373,0.20399996698209164,0.008232289088922328,-0.0020689987497933527,0.0002713107226857426,-0.022418676143329968,-0.022418676143329968,
374,0.20408127187105077,0.008028685451678766,-0.0020662786904590107,0.0002727726713288911,-0.022359346654095152,-0.022359346654095152,
375,0.20408127187105077,0.008028685451678766,-0.0020662786904590107,0.0002727726713288911,-0.022359346654095152,-0.022359346654095152,
376,0.20423778031289944,0.007622291483942714,-0.002060794844462414,0.00027568152075090405,-0.022329445565210774,-0.022329445565210774,
377,0.20431298930688818,0.007419504010433665,-0.0020580311581729627,0.00027712841150771795,-0.022269173422845644,-0.022269173422845644,
378,0.20431298930688818,0.007419504010433665,-0.0020580311581729627,0.00027712841150771795,-0.022269173422845644,-0.022269173422845644,
379,0.20438617180074464,0.0072169914402228225,-0.0020552530300209,0.00027857027303897756,-0.022238803460538192,-0.022238803460538192,
380,0.20445733055058193,0.0070147551893995725,-0.0020524605103162327,0.00028000710047150056,-0.02220827829913683,-0.02220827829913683,
381,0.20452646832664925,0.006812796669083777,-0.002049653649417417,0.00028143888898715403,-0.02217759848553018,-0.02217759848553018,
382,0.20465869210885249,0.006409718439578289,-0.002043997105710119,0.0002842873302702874,-0.02211577709179948,-0.022146764567116825,
383,0.20472178372571928,0.0062086015277387635,-0.0020411475238558525,0.0002857039736763192,-0.02211577709179948,-0.02211577709179948,
384,0.20472178372571928,0.0062086015277387635,-0.0020411475238558525,0.0002857039736763192,-0.022084636607979102,-0.022084636607979102,
385,0.2047828655901782,0.006007767941097921,-0.00203828380271477,0.00028711555944248795,-0.02205334366454861,-0.02205334366454861,
386,0.20489901143644013,0.005606956283227376,-0.0020325141449871755,0.00028992353993553924,-0.0219903025968554,-0.022021898810887494,
387,0.20495408114006972,0.00540698096940874,-0.0020296083097205144,0.00029131992573941,-0.0219903025968554,-0.0219903025968554,
388,0.20495408114006972,0.00540698096940874,-0.0020296083097205144,0.00029131992573941,-0.021958555572786337,-0.021958555572786337,
389,0.20500715253484447,0.005207294495602245,-0.0020266885378056473,0.00029271123605728843,-0.021926658289482946,-0.021926658289482946,
390,0.20510731199238935,0.004808793527770213,-0.002020807387153501,0.0002954786129900012,-0.021862415150690335,-0.021894611298210354,
391,0.20510731199238935,0.004808793527770213,-0.002020807387153501,0.0002954786129900012,-0.021862415150690335,-0.021862415150690335,
392,0.20519951313426182,0.004411464249055705,-0.002014871099701588,0.0002982256367886958,-0.021797577596043376,-0.0218300703990955,
393,0.20519951313426182,0.004411464249055705,-0.002014871099701588,0.0002982256367886958,-0.021797577596043376,-0.021797577596043376,
394,0.20528377950223203,0.004015317448427967,-0.0020088800827908573,0.00030095227437945373,-0.02176493729459032,-0.02176493729459032,
395,0.20528377950223203,0.004015317448427967,-0.0020088800827908573,0.00030095227437945373,-0.021732150048225818,-0.021732150048225818,
396,0.20532294456163314,0.003817690826945719,-0.002005864178261429,0.00030230793824901383,-0.02169921641086664,-0.02169921641086664,
397,0.2053601348530448,0.003620363834372589,-0.0020028347444149557,0.0003036584935576938,-0.021666136936850815,-0.021666136936850815,
398,0.20539535337938566,0.0034233377966731873,-0.0019997918323497775,0.0003050039364154683,-0.021632912180931906,-0.021632912180931906,
399,0.205459887214651,0.0030301938645219224,-0.0019936657781492516,0.0003076794694887138,-0.021599542698273032,-0.021599542698273032,
400,0.205459887214651,0.0030301938645219224,-0.0019936657781492516,0.0003076794694887138,-0.021566029044441055,-0.021566029044441055,
401,0.20548920859538283,0.002834078596756081,-0.0019905827384015446,0.0003090095521944782,-0.02153237177540079,-0.02153237177540079,
402,0.20551657035455753,0.0026382695372287298,-0.0019874864252093357,0.000310334507429811,-0.02149857144750906,-0.02149857144750906,
403,0.20556542729555952,0.0022475752406240054,-0.001981254183671584,0.00031296902106292535,-0.02146462861750901,-0.02146462861750901,
404,0.20558692865345232,0.0020526925897510614,-0.0019781183580054045,0.00031427857238209406,-0.021430543842524054,-0.021430543842524054,
405,0.2056064827418177,0.001858121319518609,-0.001974969464252375,0.0003155829820734878,-0.021361950687960294,-0.021361950687960294,
406,0.2056064827418177,0.001858121319518609,-0.001974969464252375,0.0003155829820734878,-0.021361950687960294,-0.021361950687960294,
407,0.20562409268086385,0.0016638627103507011,-0.001971807553839037,0.0003168822467320518,-0.02132744342447817,-0.02132744342447817,
408,0.20563976160357786,0.001469918037594138,-0.00196863267822571,0.0003181763630063271,-0.021292796448192538,-0.021292796448192538,
409,0.20565349265567487,0.0012762885715152255,-0.001965444888905956,0.00031946532759838717,-0.021258010318041667,-0.021258010318041667,
410,0.20566528899554729,0.001082975577296582,-0.0019622442374060446,0.00032074913726378086,-0.0212230855933093,-0.0212230855933093,
411,0.20567515379421383,0.000889980315034,-0.0019590307752844188,0.0003220277888114705,-0.021188022833619,-0.021188022833619,
412,0.20568309023526882,0.0006973040397333606,-0.001955804554131161,0.00032330127910377206,-0.02115282259892835,-0.02115282259892835,
413,0.20568910151483114,0.0005049480013075987,-0.0019525656255674595,0.00032456960505629443,-0.02111748544952291,-0.02111748544952291,
414,0.2056931908414933,0.0003129134445737249,-0.0019493140412450767,0.00032583276363787415,-0.021082011946010972,-0.021082011946010972,
415,0.20569536143627049,0.0001212016092498939,-0.0019460498528458172,0.0003270907518705173,-0.021046402649317442,-0.021046402649317442,
416,0.20569561653254959,-0.0000701862700474706,-0.0019427731120809954,0.000328343566829336,-0.021010658120678066,-0.021010658120678066,
417,0.2056939593760381,-0.00026124896380649897,-0.001939483870690906,0.00032959120564248417,-0.020974778921633935,-0.020974778921633935,
418,0.2056849213487703,-0.0006423939022014225,-0.0019328680931378222,0.0003320709436092205,-0.020938765614025415,-0.020938765614025415,
419,0.20567754703057256,-0.0008324737133610364,-0.0019295416605955493,0.000333303037283759,-0.02086633892194023,-0.02086633892194023,
420,0.20567754703057256,-0.0008324737133610364,-0.0019295416605955493,0.000333303037283759,-0.02086633892194023,-0.02086633892194023,
421,0.2056682735645991,-0.0010222234720350348,-0.0019262029346683945,0.00033452994385439977,-0.020829926662590308,-0.020829926662590308,
422,0.20564404242751616,-0.0014007280212523364,-0.0019194888101942721,0.00033696818530629195,-0.02075670713217531,-0.02075670713217531,
423,0.20562909140548566,-0.0015894804192621815,-0.0019161135154787182,0.00033817951513027153,-0.02075670713217531,-0.02075670713217531,
424,0.20562909140548566,-0.0015894804192621815,-0.0019161135154787182,0.00033817951513027153,-0.02071990098787945,-0.02071990098787945,
425,0.20559353516655673,-0.0019659795191864842,-0.0019093267208556291,0.00034058658072516444,-0.020645898759988443,-0.020682964675806978,
426,0.20559353516655673,-0.0019659795191864842,-0.0019093267208556291,0.00034058658072516444,-0.020645898759988443,-0.020645898759988443,
427,0.205572936670052,-0.0021537238593260727,-0.0019059153249264792,0.00034178231175376283,-0.02060870380470238,-0.02060870380470238,
428,0.20552611581220506,-0.002528196254010901,-0.0018990567959536048,0.0003441581588100199,-0.02057138037446989,-0.02057138037446989,
429,0.20552611581220506,-0.002528196254010901,-0.0018990567959536048,0.0003441581588100199,-0.020533929034048926,-0.020533929034048926,
430,0.2054999002416479,-0.002714921977580877,-0.0018956097670258078,0.00034533827040911637,-0.020496350348428456,-0.020496350348428456,
431,0.2054418758813322,-0.0030873466882743402,-0.0018886804407402351,0.0003476828590688576,-0.02042081320266755,-0.02042081320266755,
432,0.2054418758813322,-0.0030873466882743402,-0.0018886804407402351,0.0003476828590688576,-0.02042081320266755,-0.02042081320266755,
433,0.20541007395182548,-0.0032730433752604033,-0.0018851982476265363,0.00034884733201346864,-0.020382855873610314,-0.020382855873610314,
434,0.2053764167820371,-0.0034583947584874756,-0.0018817044373953902,0.00035000658804378997,-0.02034477346150888,-0.02034477346150888,
435,0.20534090783069042,-0.003643399700749319,-0.0018781990622187216,0.0003511606252315592,-0.020306566532423645,-0.020306566532423645,
436,0.20530355056785504,-0.0038280570699880524,-0.001874682174287476,0.00035230944170029014,-0.020268235652612404,-0.020268235652612404,
437,0.20526434847489541,-0.0040123657392959425,-0.0018711538258111035,0.0003534530356252017,-0.020229781388524843,-0.020229781388524843,
438,0.20522330504441932,-0.0041963245869171455,-0.0018676140690170406,0.0003545914052331483,-0.020191204306796863,-0.020191204306796863,
439,0.20518042378022633,-0.004379932496249397,-0.001864062956150196,0.0003557245488025486,-0.020152504974245016,-0.020152504974245016,
440,0.20513570819725624,-0.004563188355845652,-0.0018605005394724341,0.0003568524646633141,-0.020113683957860888,-0.020113683957860888,
441,0.20508916182153758,-0.0047460910594156695,-0.0018569268712620608,0.0003579751511967765,-0.020074741824805526,-0.020074741824805526,
442,0.20499059085110244,-0.005110832599109241,-0.001849745989435831,0.00036020483006378716,-0.020035679142404107,-0.020035679142404107,
443,0.20499059085110244,-0.005110832599109241,-0.001849745989435831,0.00036020483006378716,-0.019996496478140023,-0.019996496478140023,
444,0.20488473929696238,-0.005474148368201493,-0.0018425207292072823,0.0003624135734798986,-0.019957194399649617,-0.019957194399649617,
445,0.20482909223242116,-0.005655268877879762,-0.0018388915880479767,0.0003635100908914737,-0.01987823427126609,-0.01991777347471651,
446,0.20477163576127547,-0.005836029702165865,-0.0018352515093424497,0.0003646013703395049,-0.01987823427126609,-0.01987823427126609,
447,0.20471237348572968,-0.006016429770907438,-0.0018316005454697536,0.0003656874105632293,-0.01983857735736012,-0.01983857735736012,
448,0.20471237348572968,-0.006016429770907438,-0.0018316005454697536,0.0003656874105632293,-0.01979880330119102,-0.01979880330119102,
449,0.20465130901866388,-0.006196468019119812,-0.0018279387488212926,0.0003667682103527172,-0.019758912671076514,-0.019758912671076514,
450,0.2045884459835821,-0.006376143386987149,-0.0018242661718003148,0.0003678437685487975,-0.019718906035454002,-0.019718906035454002,
451,0.2044573387561967,-0.006734401268273986,-0.0018168888863099794,0.0003699791557773904,-0.019678783962875347,-0.019678783962875347,
452,0.2043891018635559,-0.006912981687915488,-0.0018131842827017774,0.00037103898274467445,-0.019598195781594857,-0.019598195781594857,
453,0.2043891018635559,-0.006912981687915488,-0.0018131842827017774,0.00037103898274467445,-0.019598195781594857,-0.019598195781594857,
454,0.20431908100212137,-0.007091195039657882,-0.0018094691084423594,0.00037209356398794087,-0.019557730810518703,-0.019557730810518703,
455,0.2041737020865786,-0.00744651640879436,-0.0018020072577981914,0.0003741869857266652,-0.0194764619522598,-0.01951715267772664,
456,0.2040983514150566,-0.007623622373800232,-0.001798260686349128,0.00037522582455992167,-0.0194764619522598,-0.0194764619522598,
457,0.2040983514150566,-0.007623622373800232,-0.001798260686349128,0.00037522582455992167,-0.019435659203240797,-0.019435659203240797,
458,0.20394234617763102,-0.007976719772536466,-0.0017907365135955739,0.0003772877543749343,-0.01935371991141209,-0.01935371991141209,
459,0.20386169905541945,-0.008152709184937311,-0.0017869590172721172,0.0003783108439951348,-0.01935371991141209,-0.01935371991141209,
460,0.20377929391012936,-0.008328324400436637,-0.0017831713176490753,0.0003793286825993324,-0.019312584507206524,-0.019312584507206524,
461,0.20377929391012936,-0.008328324400436637,-0.0017831713176490753,0.0003793286825993324,-0.019271339356646315,-0.019271339356646315,
462,0.2036092245480941,-0.008678428255032134,-0.0017755655185336938,0.0003813486045853174,-0.019188522094307072,-0.019229985029180434,
463,0.2036092245480941,-0.008678428255032134,-0.0017755655185336938,0.0003813486045853174,-0.019188522094307072,-0.019188522094307072,
464,0.20343216818628848,-0.00902702341671909,-0.0017679195363584721,0.0003833475164811381,-0.01910527268054361,-0.01910527268054361,
465,0.20343216818628848,-0.00902702341671909,-0.0017679195363584721,0.0003833475164811381,-0.01910527268054361,-0.01910527268054361,
466,0.20334102932821432,-0.009200752785507343,-0.001764081607926822,0.00038433909265860646,-0.01906348734084689,-0.01906348734084689,
467,0.203248155077039,-0.009374102048771765,-0.0017602337913015412,0.00038532541522853905,-0.01902159567211868,-0.01902159567211868,
468,0.2030572156285778,-0.009719656397352805,-0.0017525087035942769,0.00038728229856018235,-0.018979598244022178,-0.018979598244022178,
469,0.20295915807193782,-0.009891859564933906,-0.001748631537579747,0.0003882528589521812,-0.018895288388455996,-0.018895288388455996,
470,0.20295915807193782,-0.009891859564933906,-0.001748631537579747,0.0003882528589521812,-0.018895288388455996,-0.018895288388455996,
471,0.2027578864670581,-0.010235113131197628,-0.001740848223908442,0.00039017821663267266,-0.018810562331696732,-0.018852977100376134,
472,0.20265468011653,-0.010406161643232282,-0.0017369421813257918,0.0003911330138458463,-0.01876804465211265,-0.018810562331696732,
473,0.20265468011653,-0.010406161643232282,-0.0017369421813257918,0.0003911330138458463,-0.01876804465211265,-0.01876804465211265,
474,0.20254976521475443,-0.010576823392072289,-0.0017330266182946986,0.00039208255667224615,-0.018725424631309048,-0.018725424631309048,
475,0.20244314563401486,-0.010747097447346756,-0.0017291015873517,0.0003930268451963186,-0.018682702838956292,-0.018682702838956292,
476,0.20222480797111492,-0.011086478781620484,-0.001721223331870214,0.0003948996599186444,-0.018639879844704593,-0.018639879844704593,
477,0.20211309767970329,-0.01125558422578234,-0.0017172702123974186,0.00039582818652891697,-0.018596956218178855,-0.018596956218178855,
478,0.2019996982907216,-0.011424298306703325,-0.0017133078351431318,0.0003967514596607318,-0.018553932528973284,-0.018553932528973284,
479,0.20188461372232425,-0.011592620119915376,-0.0017093362526335967,0.00039766947964115564,-0.018510809346646222,-0.018510809346646222,
480,0.20176784790168445,-0.011760548766130051,-0.0017053555173915445,0.00039858224684552663,-0.01842426678065047,-0.018467587240715,
481,0.20164940476494242,-0.011928083351238109,-0.0017013656819357132,0.00039948976169736664,-0.01842426678065047,-0.01842426678065047,
482,0.20164940476494242,-0.011928083351238109,-0.0017013656819357132,0.00039948976169736664,-0.018380848535872064,-0.018380848535872064,
483,0.20152928825715358,-0.012095222986309035,-0.0016973667987803653,0.00040039202466829747,-0.018337333075742365,-0.018337333075742365,
484,0.20128405095292234,-0.012428313876507892,-0.0016893420994029118,0.00040218079709389694,-0.018293720969562166,-0.018293720969562166,
485,0.20128405095292234,-0.012428313876507892,-0.0016893420994029118,0.00040218079709389694,-0.01825001278656491,-0.01825001278656491,
486,0.2011589380907007,-0.012594263379663507,-0.0016853163881826356,0.0004030673077315296,-0.01820620909591201,-0.01820620909591201,
487,0.20103216772577026,-0.012759814428836084,-0.0016812818392655448,0.00040394856885400855,-0.018162310466687117,-0.018162310466687117,
488,0.20077367045180644,-0.013089717718224527,-0.0016731864382723604,0.000405695345444372,-0.018118317467891464,-0.018118317467891464,
489,0.20064195154624456,-0.013254068247873042,-0.0016691256911431495,0.0004065608624765515,-0.018074230668438423,-0.018074230668438423,
490,0.20064195154624456,-0.013254068247873042,-0.0016691256911431495,0.0004065608624765515,-0.018030050637148423,-0.018030050637148423,
491,0.20050859114481337,-0.013418016902402167,-0.0016650563162099394,0.00040742113312198976,-0.01798577794274391,-0.01798577794274391,
492,0.2003735932704755,-0.013581562839460878,-0.001660978365925198,0.0004082761582812983,-0.01794141315384406,-0.01794141315384406,
493,0.20009870123686677,-0.013907443217619048,-0.0016527969490643154,0.00040997047598001165,-0.017852409566488942,-0.01789695683895985,
494,0.20009870123686677,-0.013907443217619048,-0.0016527969490643154,0.00040997047598001165,-0.017852409566488942,-0.017852409566488942,
495,0.19995881516530262,-0.014069775999869525,-0.0016486935873450189,0.0004108097705564151,-0.017807771904710386,-0.017807771904710386,
496,0.19967418319381827,-0.014393222642354694,-0.0016404618193916296,0.0004124726366081363,-0.017718227685723925,-0.017718227685723925,
497,0.19952944543090512,-0.014554334874746779,-0.001636333517949054,0.0004132962104019346,-0.017718227685723925,-0.017718227685723925,
498,0.19938309858806302,-0.014715038637952253,-0.0016321970080371176,0.0004141145463312203,-0.017673322264436245,-0.017673322264436245,
499,0.19938309858806302,-0.014715038637952253,-0.0016321970080371176,0.0004141145463312203,-0.017628328725671175,-0.017628328725671175,
500,0.19923514675398862,-0.014875333130961127,-0.0016280523420212005,0.0004149276456719099,-0.017583247637039483,-0.017583247637039483,
501,0.19908559402536277,-0.015035217557925624,-0.0016238995722536933,0.00041573550974642734,-0.017538079566003114,-0.017538079566003114,
502,0.19893444450679906,-0.015194691128158822,-0.0016197387510735318,0.00041653813992361283,-0.017492825079870145,-0.017492825079870145,
503,0.19878170231079212,-0.01535375305613325,-0.001615569930805734,0.00041733553761863067,-0.017447484745789835,-0.017447484745789835,
504,0.1984714563755229,-0.015670638868984444,-0.0016072085022349335,0.0004189146414538937,-0.017402059130747636,-0.017402059130747636,
505,0.1984714563755229,-0.015670638868984444,-0.0016072085022349335,0.0004189146414538937,-0.01735654880156013,-0.01735654880156013,
506,0.1981548892751738,-0.01598586881539231,-0.0015988157048455094,0.00042047283349653353,-0.017265276267141277,-0.017265276267141277,
507,0.1979942456515975,-0.016142860929637737,-0.0015946076734953195,0.0004212440916231064,-0.017265276267141277,-0.017265276267141277,
508,0.1979942456515975,-0.016142860929637737,-0.0015946076734953195,0.0004212440916231064,-0.017219515194654172,-0.017219515194654172,
509,0.1976682590510813,-0.016455595667196066,-0.0015861686066426445,0.000422770940542547,-0.01712774626957725,-0.01717367167350018,
510,0.1976682590510813,-0.016455595667196066,-0.0015861686066426445,0.000422770940542547,-0.01712774626957725,-0.01712774626957725,
511,0.1975029244140473,-0.016611336796746774,-0.001581937675551937,0.0004235265348547054,-0.017081739548584586,-0.017081739548584586,
512,0.19716759337189965,-0.01692156288157437,-0.0015734532789365371,0.00042502207232343386,-0.017035652076017975,-0.017035652076017975,
513,0.19699760535104177,-0.017076046373952145,-0.0015691999177139646,0.00042576201927194786,-0.016989484417164885,-0.016989484417164885,
514,0.1968260745986378,-0.017230109199606276,-0.0015649391840508418,0.0004264967542999305,-0.016896910800677165,-0.016896910800677165,
515,0.1968260745986378,-0.017230109199606276,-0.0015649391840508418,0.0004264967542999305,-0.016896910800677165,-0.016896910800677165,
516,0.19665300532494767,-0.01738375063993392,-0.0015606711300494792,0.0004272262794163219,-0.01685050597253125,-0.01685050597253125,
517,0.1963022680904991,-0.01768976651587165,-0.0015521132693392659,0.0004286697081750754,-0.016804023217066387,-0.016804023217066387,
518,0.1963022680904991,-0.01768976651587165,-0.0015521132693392659,0.0004286697081750754,-0.016757463098454585,-0.016757463098454585,
519,0.19612460858585698,-0.017842139539943052,-0.001547823566731679,0.00042938361606001494,-0.016710826180630294,-0.016710826180630294,
520,0.19594542747205868,-0.01799408835560632,-0.0015435267519874833,0.0004300923225183279,-0.016664113027285418,-0.016664113027285418,
521,0.19576472899465272,-0.018145612269912757,-0.001539222877102943,0.00043079582978307855,-0.01661732420186439,-0.01661732420186439,
522,0.1955825174060915,-0.01829671059503792,-0.0015349119940517722,0.00043149414013186584,-0.016570460267559685,-0.016570460267559685,
523,0.19539879696568002,-0.01844738264827931,-0.00153059415478469,0.0004321872558867293,-0.01652352178730683,-0.01652352178730683,
524,0.1950268466004823,-0.01874744523389647,-0.0015219378152880286,0.0004335579131244616,-0.016429423439384826,-0.01647650932377947,
525,0.1950268466004823,-0.01874744523389647,-0.0015219378152880286,0.0004335579131244616,-0.016429423439384826,-0.016429423439384826,
526,0.19483862522810852,-0.018896834426455726,-0.0015175994188409215,0.00043423545947273427,-0.016382264696258822,-0.016382264696258822,
527,0.19464891210860708,-0.01904579466749328,-0.0015132542737419643,0.00043490782095769706,-0.016335033656261252,-0.016335033656261252,
528,0.1942650278059692,-0.01934242567159569,-0.0015045439448792743,0.0004362369995526648,-0.01624035693168179,-0.01624035693168179,
529,0.1942650278059692,-0.01934242567159569,-0.0015045439448792743,0.0004362369995526648,-0.01624035693168179,-0.01624035693168179,
530,0.19407086522802003,-0.019490095135722283,-0.0015001788646963818,0.00043689382187969304,-0.016192912369396496,-0.016192912369396496,
531,0.19387522811321573,-0.019637333050445415,-0.0014958072430224447,0.0004375454697772616,-0.01614539775482323,-0.01614539775482323,
532,0.19347954755409255,-0.01993051168991604,-0.00148704458206967,0.0004388332531978987,-0.0160978136483704,-0.0160978136483704,
533,0.19347954755409255,-0.01993051168991604,-0.00148704458206967,0.0004388332531978987,-0.016050160610141972,-0.016050160610141972,
534,0.19307802075381242,-0.02022195655742635,-0.0014782563754809175,0.0004401003720763346,-0.016002439199932716,-0.016002439199932716,
535,0.1928750758609612,-0.020367027276290337,-0.0014738528216560454,0.00044072618945837765,-0.01595464997722367,-0.01595464997722367,
536,0.1928750758609612,-0.020367027276290337,-0.0014738528216560454,0.00044072618945837765,-0.01590679350117736,-0.01590679350117736,
537,0.19246484483916776,-0.0206558622279299,-0.0014650270708580135,0.0004419623547775436,-0.015810881024102788,-0.015810881024102788,
538,0.19246484483916776,-0.0206558622279299,-0.0014650270708580135,0.0004419623547775436,-0.015810881024102788,-0.015810881024102788,
539,0.19225756742818914,-0.02079962525342818,-0.001460604976961028,0.000442572708711258,-0.015762826139765422,-0.015762826139765422,
540,0.19204885457247486,-0.02094295118232311,-0.001456176806065786,0.00044317791423012016,-0.01571470623546327,-0.01571470623546327,
541,0.19183871064594543,-0.021085839423665233,-0.001451742609634144,0.0004437779744392726,-0.015666521868696846,-0.015666521868696846,
542,0.19162714002840545,-0.021228289391575218,-0.0014473024390966986,0.00044437289248641415,-0.015618273596620554,-0.015618273596620554,
543,0.19141414710549298,-0.0213703005052407,-0.001442856345852361,0.0004449626715617002,-0.01556996197603773,-0.01556996197603773,
544,0.1909839119149663,-0.021653003871904327,-0.0014339465966776866,0.0004461268257689881,-0.015521587563396534,-0.015521587563396534,
545,0.19076667844733983,-0.021793694988583637,-0.001429483043382936,0.0004467012074926602,-0.015424652585926575,-0.015473150914784982,
546,0.19054804027421515,-0.021933944978374167,-0.0014250137726516232,0.0004472704634276113,-0.015376093132175743,-0.015424652585926575,
547,0.19054804027421515,-0.021933944978374167,-0.0014250137726516232,0.0004472704634276113,-0.015376093132175743,-0.015376093132175743,
548,0.19032800180963852,-0.022073753285749658,-0.0014205388357178947,0.0004478345969747433,-0.01532747310851331,-0.01532747310851331,
549,0.1898837416899139,-0.022352042656382937,-0.001411572168008289,0.0004489475107182659,-0.01527879306954183,-0.01527879306954183,
550,0.18965952889030668,-0.022490522633810295,-0.0014070805395279657,0.0004494962979252586,-0.01518125516216462,-0.015230053569481344,
551,0.18943393351022825,-0.022628558757154752,-0.0014025834494355014,0.00045003997676543026,-0.015132398401032816,-0.015132398401032816,
552,0.18943393351022825,-0.022628558757154752,-0.0014025834494355014,0.00045003997676543026,-0.015132398401032816,-0.015132398401032816,
553,0.18920695999087073,-0.022766150496091122,-0.0013980809487898057,0.0004505785508478619,-0.01508348383913096,-0.01508348383913096,
554,0.1889786127787044,-0.022903297325323778,-0.0013935730886134956,0.0004511120238229599,-0.015034512029103428,-0.015034512029103428,
555,0.18874889632542735,-0.023039998724583004,-0.0013890599198924825,0.00045164039938235174,-0.014985483523189527,-0.014985483523189527,
556,0.18851781508791524,-0.023176254178621312,-0.0013845414935755608,0.00045216368125878154,-0.014936398873219056,-0.014936398873219056,
557,0.1880515761132752,-0.023447425215133967,-0.001375489071761123,0.00045319497909868925,-0.014887258630607955,-0.014887258630607955,
558,0.1880515761132752,-0.023447425215133967,-0.001375489071761123,0.00045319497909868925,-0.014838063346353722,-0.014838063346353722,
559,0.18757993161143457,-0.02371680641318372,-0.0013664162300026227,0.00045420594802300597,-0.014788813571031033,-0.014788813571031033,
560,0.18757993161143457,-0.02371680641318372,-0.0013664162300026227,0.00045420594802300597,-0.014739509854787454,-0.014739509854787454,
561,0.1873420934835855,-0.023850824587919893,-0.0013618722786102998,0.0004547038189075635,-0.014690152747338994,-0.014690152747338994,
562,0.186862407908421,-0.024117513662841792,-0.001352769568386639,0.0004556843534076041,-0.01459128055550716,-0.01459128055550716,
563,0.186862407908421,-0.024117513662841792,-0.001352769568386639,0.0004556843534076041,-0.01459128055550716,-0.01459128055550716,
564,0.18637740654257132,-0.024382403195325305,-0.0013436474525589455,0.0004566446385343403,-0.014541766568358594,-0.014541766568358594,
565,0.18637740654257132,-0.024382403195325305,-0.0013436474525589455,0.0004566446385343403,-0.014492201384465962,-0.014492201384465962,
566,0.18613292369409254,-0.024514171960715588,-0.0013390792440086785,0.00045711719785290495,-0.014442585551321961,-0.014442585551321961,
567,0.18564001621859788,-0.02477635518849987,-0.0013299287782031022,0.0004580471708907966,-0.014392919615961668,-0.014392919615961668,
568,0.18564001621859788,-0.02477635518849987,-0.0013299287782031022,0.0004580471708907966,-0.014343204124958181,-0.014343204124958181,
569,0.1851418831616562,-0.025036729668584945,-0.001320759917056309,0.0004589569781146267,-0.014293439624418279,-0.014293439624418279,
570,0.18489086835316224,-0.02516623751797522,-0.0013161687141691363,0.0004594043303142529,-0.014243626659978248,-0.014243626659978248,
571,0.18489086835316224,-0.02516623751797522,-0.0013161687141691363,0.0004594043303142529,-0.014193765776799497,-0.014193765776799497,
572,0.18438496484065747,-0.02542389225831696,-0.0013069730152658323,0.00046028395377021826,-0.014143857519564415,-0.014143857519564415,
573,0.1841300852154172,-0.025552038293272395,-0.001302368619717043,0.00046071623389695347,-0.014093902432471953,-0.014093902432471953,
574,0.1841300852154172,-0.025552038293272395,-0.001302368619717043,0.00046071623389695347,-0.014043901059233678,-0.014043901059233678,
575,0.18361649295569038,-0.025806965589853497,-0.0012931469872585998,0.0004615657534173293,-0.013993853943069137,-0.013993853943069137,
576,0.18361649295569038,-0.025806965589853497,-0.0012931469872585998,0.0004615657534173293,-0.013943761626701988,-0.013943761626701988,
577,0.18309782037049013,-0.02606007044241011,-0.0012839085669019098,0.00046239524904050273,-0.013843443561749207,-0.013893624652355704,
578,0.18283659035371705,-0.026185938440826395,-0.0012792831863081672,0.0004628024994411402,-0.013793218896093001,-0.013793218896093001,
579,0.18283659035371705,-0.026185938440826395,-0.0012792831863081672,0.0004628024994411402,-0.013793218896093001,-0.013793218896093001,
580,0.18257410394105789,-0.026311349624462393,-0.0012746537587027026,0.00046320475780532434,-0.013742951196084728,-0.013742951196084728,
581,0.1823103657026152,-0.02643630360231154,-0.0012700203339756897,0.0004636020288592775,-0.013692641001905086,-0.013692641001905086,
582,0.18177915204816777,-0.026684838401180678,-0.0012607416924800936,0.0004643816281329649,-0.013642288853213898,-0.013642288853213898,
583,0.18177915204816777,-0.026684838401180678,-0.0012607416924800936,0.0004643816281329649,-0.013591895289145513,-0.013591895289145513,
584,0.18124298602802164,-0.02693153980754524,-0.001251447659986933,0.000465141335836794,-0.013490986068764942,-0.013490986068764942,
585,0.1809730573464744,-0.02705420206313165,-0.001246794996330743,0.00046551374257096525,-0.013490986068764942,-0.013490986068764942,
586,0.18070190433963756,-0.027176404869886574,-0.001242138633884287,0.00046588119115352977,-0.013440471488058763,-0.013440471488058763,
587,0.18070190433963756,-0.027176404869886574,-0.001242138633884287,0.00046588119115352977,-0.013389917643179441,-0.013389917643179441,
588,0.18015594373872437,-0.02741943071490002,-0.0012328150107706315,0.0004666012338705903,-0.013339325070573949,-0.013339325070573949,
589,0.17988114534777092,-0.027540253054348807,-0.0012281478490528237,0.000466953838102278,-0.013238025885219974,-0.013288694306139624,
590,0.17960514103767622,-0.027660614547336603,-0.0012234771864427841,0.000467301504376522,-0.013238025885219974,-0.013238025885219974,
591,0.17960514103767622,-0.027660614547336603,-0.0012234771864427841,0.000467301504376522,-0.013187320342600638,-0.013187320342600638,
592,0.1790495331040131,-0.027899953649842366,-0.0012141255558839182,0.0004679820436574627,-0.013085800028592581,-0.01313657821250553,
593,0.1790495331040131,-0.027899953649842366,-0.0012141255558839182,0.0004679820436574627,-0.013085800028592581,-0.013085800028592581,
594,0.17848915685882452,-0.028137445382795348,-0.001204760513251648,0.0004686428932935926,-0.013034986323950004,-0.013034986323950004,
595,0.17848915685882452,-0.028137445382795348,-0.001204760513251648,0.0004686428932935926,-0.012984137631092074,-0.012984137631092074,
596,0.1779240492752166,-0.02837308718414024,-0.001195382451866185,0.00046928409545557865,-0.012933254481955363,-0.012933254481955363,
597,0.1779240492752166,-0.02837308718414024,-0.001195382451866185,0.00046928409545557865,-0.012882337407894497,-0.012882337407894497,
598,0.1773542473767624,-0.028606876569220698,-0.001185991764198565,0.0004699056929010066,-0.012831386939678488,-0.012831386939678488,
599,0.1773542473767624,-0.028606876569220698,-0.001185991764198565,0.0004699056929010066,-0.012780403607486661,-0.012780403607486661,
600,0.17706759764275343,-0.028723075850328655,-0.0011812918079210676,0.0004702091533763619,-0.012729387940904752,-0.012729387940904752,
