controller,theta0,success,settle_s,overshoot_rad,effort,peak_force_n,saturation
pd,0.0500,yes,1.1700,0.002284,0.803666,6.000000,0.000000
onnx,0.0500,yes,1.1800,0.002523,0.725736,5.688915,0.000000
pd,-0.0500,yes,1.1700,0.002284,0.803666,6.000000,0.000000
onnx,-0.0500,yes,1.1800,0.002515,0.725331,5.687411,0.000000
pd,0.1000,yes,1.2500,0.004601,3.225925,12.000000,0.000000
onnx,0.1000,yes,1.2600,0.005074,2.912923,11.377077,0.000000
pd,-0.1000,yes,1.2500,0.004601,3.225925,12.000000,0.000000
onnx,-0.1000,yes,1.2600,0.005066,2.912110,11.375574,0.000000
pd,0.2000,yes,1.3200,0.009555,12.252127,20.000000,0.001000
onnx,0.2000,yes,1.3400,0.010477,11.246660,20.000000,0.001000
pd,-0.2000,yes,1.3200,0.009555,12.252127,20.000000,0.001000
onnx,-0.2000,yes,1.3400,0.010469,11.245325,20.000000,0.001000
